{
  "meta": {
    "version": "7.3.4",
    "timestamp": "2023-12-24T11:54:57.307622",
    "branch_coverage": false,
    "show_contexts": false
  },
  "files": {
    "aiodesa/__init__.py": {
      "executed_lines": [1, 5],
      "summary": {
        "covered_lines": 1,
        "num_statements": 1,
        "percent_covered": 100.0,
        "percent_covered_display": "100",
        "missing_lines": 0,
        "excluded_lines": 0
      },
      "missing_lines": [],
      "excluded_lines": []
    },
    "aiodesa/database.py": {
      "executed_lines": [
        1, 25, 26, 27, 28, 29, 32, 33, 56, 57, 58, 60, 61, 62, 63, 64, 66, 77,
        78, 79, 81, 91, 94, 95, 96, 97, 98, 99, 101, 131, 132, 133, 136, 137,
        138, 139, 141, 156, 157, 159, 160, 163, 197, 198, 199, 200, 201, 203,
        232, 233, 234, 235, 236, 237, 238, 240, 242, 243, 244, 246, 247, 248,
        250, 252, 285, 286, 287, 288, 289, 290, 291, 292, 293, 294, 295, 300,
        303, 304, 306, 308, 341, 342, 343, 348, 349, 350, 351, 352, 353, 354,
        355, 356, 357, 359, 361, 395, 396, 397, 403, 404, 406, 407, 408, 410,
        412, 431, 433, 455, 456, 457, 459, 483, 485, 487, 516
      ],
      "summary": {
        "covered_lines": 113,
        "num_statements": 115,
        "percent_covered": 98.26086956521739,
        "percent_covered_display": "98",
        "missing_lines": 2,
        "excluded_lines": 0
      },
      "missing_lines": [92, 161],
      "excluded_lines": []
    },
    "aiodesa/utils/table.py": {
      "executed_lines": [
        1, 25, 26, 27, 30, 31, 47, 48, 51, 52, 70, 73, 74, 91, 94, 124, 125,
        126, 127, 129, 131, 132, 134, 136, 137, 141, 142, 148, 150, 153, 154,
        155, 175, 176, 179, 201, 202, 203, 204, 205, 207, 208, 210, 213, 217
      ],
      "summary": {
        "covered_lines": 40,
        "num_statements": 45,
        "percent_covered": 88.88888888888889,
        "percent_covered_display": "89",
        "missing_lines": 5,
        "excluded_lines": 0
      },
      "missing_lines": [144, 145, 146, 209, 211],
      "excluded_lines": []
    },
    "aiodesa/utils/util_types.py": {
      "executed_lines": [
        1, 39, 40, 41, 42, 45, 46, 50, 51, 52, 53, 54, 55, 56, 57, 58, 59, 60,
        61, 62, 63, 64, 65, 68, 89, 90, 91, 92, 94, 95, 96, 97, 98, 99, 100,
        101, 102, 103, 104, 105, 106, 107, 108, 109, 110, 111, 112, 113
      ],
      "summary": {
        "covered_lines": 46,
        "num_statements": 47,
        "percent_covered": 97.87234042553192,
        "percent_covered_display": "98",
        "missing_lines": 1,
        "excluded_lines": 0
      },
      "missing_lines": [93],
      "excluded_lines": []
    }
  },
  "totals": {
    "covered_lines": 200,
    "num_statements": 208,
    "percent_covered": 96.15384615384616,
    "percent_covered_display": "96",
    "missing_lines": 8,
    "excluded_lines": 0
  }
}
